Office,BranchNumber,MainNumber,startrange,endrange
Wausau,981,715.848.3399,3700,3999
Dallas,981,972-694-0400 ,2000,3299
Willsonville,960,503.404.0148,4100,4139
Hillsboro,960,503.846.9943,4140,4169
Kent,828,235.395.9700,4000,4070
Houston,927,713.937.1115,4400,4499
Tampa,926,813.884.8428,4530,4559
Pompeno Beach,959,954.283.4242,4500,4529
Colorado springs,904,719.596.3306,4590,4599
Buffalo Grove,925,847.808.8400,4300,4349
Moorestown,931,856.235.9100,4600,4639
North Haven,941,203.288.8122,4640,4669
Methuen,942,978.983.3900,4670,4699
Randolph,933,973.584.8478,4700,4739
Milwaukee,960,503.742.7292,4190,4199
Baltimore,946,667.218.2240,4290,4299
Orlando,944,407.856.3700,4560,4579
